Depression,Asthma,Cough,Heart Attack,Birth Control,Pain,Bipolar Disorders,Insomnia,Acne,Urinary Tract Infection,Smoking Cessation,Migraine,Diabetic Peripheral Neuropathy,Menstrual disorde,Pneumonia,Anxiety,HIV Infection,Gout,Hepatitis C,ADHD,High Blood Pressure
Escitalopram,Prednisone,Dextromethorphan,Metoprolol,Cyclafem 1 / 35,Ultram,Lamotrigine,Ambien,Ziana,Bactrim,Varenicline,Imitrex,Qutenza,Yaz,Levofloxacin,Alprazolam,Genvoya,Zyloprim,Epclusa,Amphetamine,Ramipril
Zoloft,Advair HFA,Etonogestrel,Plavix,Copper,hydrocodone,Geodon,Trazodone,Isotretinoin,UTI-ROZ,Chantix,Topiramate,Duloxetine,Lysteda,Avelox,Escitalopram,tenofovir alafenamide,Aleve,Harvoni,Clonidine,Atenolol
Effexor XR,Dulera,Mucinex DM,Aspirin,Levora,Cymbalta,Lithium,Desyrel,Ethinyl estradiol,methenamine,Zyban,Sumatriptan,Nortriptyline,Junel Fe 1 / 20,Biaxin XL,Ativan,Triumeq,Febuxostat,Daclatasvir,Bupropion,Hydrochlorothiazide
Venlafaxine,Montelukast,Bromfed DM,Metformin,Blisovi Fe 1 / 20,Atorvastatin,Asenapine,Restoril,Benzoyl peroxide,Levaquin,Nicotrol Inhaler,Maxalt,Lyrica,Tranexamic acid,Clarithromycin,Lorazepam,Efavirenz,Colchicine,Ledipasvir,Vyvanse,Benicar
Bupropion,Singulair,Codeine,Bayer Aspirin,NuvaRing,Oxycodone,Lamictal,Diphenhydramine,Monodox,Nitrofurantoin,Nicorette,OnabotulinumtoxinA,Gabapentin,Topamax,Azithromycin,Lexapro,Intelence,Prednisone,Zepatier,Atomoxetine,Losartan
Desvenlafaxine,Albuterol,Hycodan,Clopidogrel,Ethinyl estradiol,Voltaren Gel,Aripiprazole,Suvorexant,Spironolactone,Macrobid,Bupropion,Eletriptan,Tapentadol,femhrt,Levaquin,Clonazepam,Atripla,Indomethacin,Telaprevir,Dexmethylphenidate,olmesartan
Mirtazapine,Breo Ellipta,Guaifenesin,Lisinopril,Etonogestrel,Amitriptyline,Quetiapine,Eszopiclone,Epiduo,Levofloxacin,Commit,Naratriptan,Cymbalta,Ethinyl estradiol,Rocephin,Effexor XR,Complera,Uloric,Interferon alfa-2b,Adderall,Adalat CC
Sertraline,Beclomethasone,Lortab,Metoprolol Tartrate,Ortho Tri-Cyclen Lo,Hydromorphone,Seroquel,Belsomra,trimethoprim,Trimethoprim,Buproban,Topamax,Topiramate,Microgestin Fe 1.5 / 30,Biaxin,Pregabalin,Stribild,Allopurinol,Intron A,Aptensio XR,Nebivolol
Pristiq,Fluticasone,Benzonatate,Nitroglycerin,norethindrone,Tylox,Ziprasidone,Quetiapine,Acanya,Ciprofloxacin,Nicotrol NS,Nadolol,Pregabalin,Gianvi,Moxifloxacin,BuSpar,tenofovir,Naproxen,Pegasys,etonogestrel,Tenex
Vilazodone,Levalbuterol,Tessalon Perles,Altace,ParaGard,Levo-Dromoran,Divalproex sodium,Zolpidem,Doxycycline,Rocephin,Nicoderm CQ,Almotriptan,Capsaicin,Loestrin 24 Fe,Ceftriaxone,Zoloft,lamivudine,Methylprednisolone,Sovaldi,Lisdexamfetamine,Lisinopril